{"count":1,"self":34.7240384,"total":35.977123999999996,"children":{"InitializeActuators":{"count":16,"self":0.0020017,"total":0.0020017,"children":null},"InitializeSensors":{"count":16,"self":0.003003,"total":0.003003,"children":null},"AgentSendState":{"count":1578,"self":0.8813299,"total":0.9218156999999999,"children":{"CollectObservations":{"count":5056,"self":0.0080093,"total":0.0080093,"children":null},"WriteActionMask":{"count":5056,"self":0.0040029,"total":0.0040029,"children":null},"RequestDecision":{"count":5056,"self":0.028473599999999998,"total":0.028473599999999998,"children":null}}},"DecideAction":{"count":1578,"self":0.2231697,"total":0.2632084,"children":{"RayPerceptionSensor.Perceive":{"count":15168,"self":0.040038699999999997,"total":0.040038699999999997,"children":null}}},"AgentAct":{"count":1578,"self":0.062056799999999995,"total":0.062056799999999995,"children":null}},"gauges":{"Pyramids.CumulativeReward":{"count":19,"max":1.9376,"min":1.75599706,"runningAverage":1.85384083,"value":1.90799952,"weightedAverage":1.86988068}},"metadata":{"timer_format_version":"0.1.0","start_time_seconds":"1654793946","unity_version":"2020.3.34f1","command_line_arguments":"D:\\Program Files\\Unity\\Editors\\2020.3.34f1\\Editor\\Unity.exe -projectPath D:\\Program Files\\Unity\\Projects\\ML Agents","communication_protocol_version":"1.5.0","com.unity.ml-agents_version":"2.2.1-exp.1","scene_name":"Pyramids","end_time_seconds":"1654793981"}}