{"count":1,"self":45.4075232,"total":46.667410499999995,"children":{"InitializeActuators":{"count":32,"self":0.0020022,"total":0.0020022,"children":null},"InitializeSensors":{"count":32,"self":0.0020020999999999997,"total":0.0020020999999999997,"children":null},"AgentSendState":{"count":2108,"self":0.3913174,"total":0.45888239999999997,"children":{"CollectObservations":{"count":13504,"self":0.0020017999999999998,"total":0.0020017999999999998,"children":null},"WriteActionMask":{"count":13504,"self":0.0090073999999999987,"total":0.0090073999999999987,"children":null},"RequestDecision":{"count":13504,"self":0.056555799999999996,"total":0.056555799999999996,"children":null}}},"DecideAction":{"count":2108,"self":0.61768329999999994,"total":0.65644479999999994,"children":{"RayPerceptionSensor.Perceive":{"count":27008,"self":0.0387615,"total":0.0387615,"children":null}}},"AgentAct":{"count":2108,"self":0.13955499999999998,"total":0.13955499999999998,"children":null}},"gauges":{"SoccerTwos.CumulativeReward":{"count":128,"max":0,"min":0,"runningAverage":0,"value":0,"weightedAverage":0}},"metadata":{"timer_format_version":"0.1.0","start_time_seconds":"1654793223","unity_version":"2020.3.34f1","command_line_arguments":"D:\\Program Files\\Unity\\Editors\\2020.3.34f1\\Editor\\Unity.exe -projectPath D:\\Program Files\\Unity\\Projects\\ML Agents","communication_protocol_version":"1.5.0","com.unity.ml-agents_version":"2.2.1-exp.1","scene_name":"SoccerTwos","end_time_seconds":"1654793270"}}