{"count":1,"self":136.769152,"total":141.3001468,"children":{"InitializeActuators":{"count":24,"self":0.0020019,"total":0.0020019,"children":null},"InitializeSensors":{"count":24,"self":0.0020019,"total":0.0020019,"children":null},"AgentSendState":{"count":6842,"self":1.357079,"total":1.4962138,"children":{"CollectObservations":{"count":32856,"self":0.0180181,"total":0.0180181,"children":null},"WriteActionMask":{"count":32856,"self":0.021019299999999998,"total":0.021019299999999998,"children":null},"RequestDecision":{"count":32856,"self":0.10009739999999999,"total":0.10009739999999999,"children":null}}},"DecideAction":{"count":6842,"self":2.5639355999999998,"total":2.6770012999999997,"children":{"RayPerceptionSensor.Perceive":{"count":54760,"self":0.1130658,"total":0.1130658,"children":null}}},"AgentAct":{"count":6842,"self":0.3527769,"total":0.3527769,"children":null}},"gauges":{"Goalie.CumulativeReward":{"count":151,"max":0.421805978,"min":0.00680000056,"runningAverage":0.0678654239,"value":0.146401331,"weightedAverage":0.0674778447},"Striker.CumulativeReward":{"count":302,"max":-0.00680000056,"min":-0.421805978,"runningAverage":-0.0678654239,"value":-0.146401331,"weightedAverage":-0.0794712}},"metadata":{"timer_format_version":"0.1.0","start_time_seconds":"1654793275","unity_version":"2020.3.34f1","command_line_arguments":"D:\\Program Files\\Unity\\Editors\\2020.3.34f1\\Editor\\Unity.exe -projectPath D:\\Program Files\\Unity\\Projects\\ML Agents","communication_protocol_version":"1.5.0","com.unity.ml-agents_version":"2.2.1-exp.1","scene_name":"StrikersVsGoalie","end_time_seconds":"1654793416"}}