{"count":1,"self":97.7009408,"total":102.0078305,"children":{"InitializeActuators":{"count":24,"self":0.0009953,"total":0.0009953,"children":null},"InitializeSensors":{"count":24,"self":0.0030020999999999997,"total":0.0030020999999999997,"children":null},"AgentSendState":{"count":4877,"self":0.4588411,"total":0.614545,"children":{"CollectObservations":{"count":23424,"self":0.062060899999999995,"total":0.062060899999999995,"children":null},"WriteActionMask":{"count":23424,"self":0.015006799999999999,"total":0.015006799999999999,"children":null},"RequestDecision":{"count":23424,"self":0.0786362,"total":0.0786362,"children":null}}},"DecideAction":{"count":4877,"self":2.7679337999999998,"total":2.8289869999999997,"children":{"RayPerceptionSensor.Perceive":{"count":46848,"self":0.061053199999999995,"total":0.061053199999999995,"children":null}}},"AgentAct":{"count":4877,"self":0.85835659999999991,"total":0.85835659999999991,"children":null}},"gauges":{"SmallWallJump.CumulativeReward":{"count":458,"max":0.9855,"min":-1.0265,"runningAverage":0.940471,"value":0.976500034,"weightedAverage":0.970104039},"BigWallJump.CumulativeReward":{"count":694,"max":0.96,"min":-1.1140002,"runningAverage":0.9039008,"value":0.9305,"weightedAverage":0.9307034}},"metadata":{"timer_format_version":"0.1.0","start_time_seconds":"1654793421","unity_version":"2020.3.34f1","command_line_arguments":"D:\\Program Files\\Unity\\Editors\\2020.3.34f1\\Editor\\Unity.exe -projectPath D:\\Program Files\\Unity\\Projects\\ML Agents","communication_protocol_version":"1.5.0","com.unity.ml-agents_version":"2.2.1-exp.1","scene_name":"WallJump","end_time_seconds":"1654793523"}}